{
  "markers": {
    "R0010564.jpg": [
      371.99606221697184,
      891.3856005372786,
      100
    ],
    "R0010565.jpg": [
      305.7049280306701,
      890.5006299486882,
      45
    ]
  },
  "line_segments": {
    "R0010564.jpg": [
      "R0010565.jpg"
    ]
  }
}