{
  "markers": {
    "R0010564.jpg": [
      371.99606221697184,
      891.3856005372786
    ],
    "R0010565.jpg": [
      305.7049280306701,
      890.5006299486882
    ],
    "R0010566.jpg": [
      212.99921244339436,
      889.2073196156605
    ],
    "R0010567.jpg": [
      215.0015751132113,
      806.402040257555
    ],
    "R0010568.jpg": [
      311.2014603349115,
      811.3944808732954
    ],
    "R0010554.jpg": [
      209.652,
      732.657
    ],
    "R0010553.jpg": [
      206.651,
      616.62
    ],
    "R0010570.jpg": [
      206.651,
      500.583
    ],
    "R0010550.jpg": [
      200.799,
      331.188
    ],
    "R0010549.jpg": [
      199.65,
      265.509
    ],
    "R0010548.jpg": [
      198.649,
      141.47
    ],
    "R0010547.jpg": [
      196.649,
      69.4477
    ],
    "R0010563.jpg": [
      292.15027717099133,
      126.91209463322528
    ],
    "R0010562.jpg": [
      290.99921244339436,
      268.2186281648591
    ],
    "R0010561.jpg": [
      312.80408308491457,
      389.42468788314284
    ],
    "R0010560.jpg": [
      329.4,
      469.809
    ],
    "R0010558.jpg": [
      323.199,
      566.206
    ],
    "R0010557.jpg": [
      319.673,
      660.634
    ],
    "R0010555.jpg": [
      313.672,
      745.661
    ],
    "R0010551.jpg": [
      201.6,
      401.791
    ]
  },
  "line_segments": {
    "R0010564.jpg": [
      "R0010565.jpg",
      "R0010568.jpg"
    ],
    "R0010565.jpg": [
      "R0010568.jpg",
      "R0010566.jpg",
      "R0010567.jpg",
      "R0010564.jpg"
    ],
    "R0010566.jpg": [
      "R0010567.jpg",
      "R0010568.jpg",
      "R0010565.jpg"
    ],
    "R0010567.jpg": [
      "R0010568.jpg",
      "R0010555.jpg",
      "R0010554.jpg",
      "R0010566.jpg",
      "R0010565.jpg"
    ],
    "R0010568.jpg": [
      "R0010555.jpg",
      "R0010565.jpg",
      "R0010567.jpg",
      "R0010554.jpg",
      "R0010566.jpg",
      "R0010564.jpg"
    ],
    "R0010554.jpg": [
      "R0010553.jpg",
      "R0010555.jpg",
      "R0010557.jpg",
      "R0010567.jpg",
      "R0010568.jpg"
    ],
    "R0010553.jpg": [
      "R0010570.jpg",
      "R0010554.jpg",
      "R0010558.jpg",
      "R0010557.jpg",
      "R0010560.jpg",
      "R0010555.jpg"
    ],
    "R0010570.jpg": [
      "R0010553.jpg",
      "R0010551.jpg",
      "R0010560.jpg",
      "R0010558.jpg",
      "R0010561.jpg"
    ],
    "R0010550.jpg": [
      "R0010549.jpg",
      "R0010551.jpg",
      "R0010561.jpg"
    ],
    "R0010549.jpg": [
      "R0010548.jpg",
      "R0010550.jpg",
      "R0010562.jpg",
      "R0010563.jpg",
      "R0010561.jpg"
    ],
    "R0010548.jpg": [
      "R0010547.jpg",
      "R0010549.jpg",
      "R0010563.jpg",
      "R0010562.jpg"
    ],
    "R0010547.jpg": [
      "R0010563.jpg",
      "R0010548.jpg"
    ],
    "R0010563.jpg": [
      "R0010562.jpg",
      "R0010547.jpg",
      "R0010548.jpg",
      "R0010549.jpg"
    ],
    "R0010562.jpg": [
      "R0010561.jpg",
      "R0010563.jpg",
      "R0010549.jpg",
      "R0010551.jpg",
      "R0010548.jpg"
    ],
    "R0010561.jpg": [
      "R0010560.jpg",
      "R0010562.jpg",
      "R0010551.jpg",
      "R0010570.jpg",
      "R0010550.jpg",
      "R0010549.jpg"
    ],
    "R0010560.jpg": [
      "R0010558.jpg",
      "R0010561.jpg",
      "R0010570.jpg",
      "R0010551.jpg",
      "R0010553.jpg"
    ],
    "R0010558.jpg": [
      "R0010557.jpg",
      "R0010560.jpg",
      "R0010553.jpg",
      "R0010570.jpg"
    ],
    "R0010557.jpg": [
      "R0010555.jpg",
      "R0010558.jpg",
      "R0010553.jpg",
      "R0010554.jpg"
    ],
    "R0010555.jpg": [
      "R0010557.jpg",
      "R0010554.jpg",
      "R0010553.jpg",
      "R0010568.jpg",
      "R0010567.jpg"
    ],
    "R0010551.jpg": [
      "R0010550.jpg",
      "R0010570.jpg",
      "R0010561.jpg",
      "R0010560.jpg",
      "R0010562.jpg"
    ]
  }
}