{
    "markers": {
        "R0010547.jpg": [
            432.88631782633234,
            144.0431654676259,
            210.3,
            {
                "URL": [
                ]
            },
            {
                "info": [
                    [
                        "info/1990454.jpg",
                        162,
                        574.0179771155847
                    ],
                    [
                        "info/2776322.jpg",
                        177,
                        815.0190907422138
                    ]
                ]
            }
        ],
        "R0010548.jpg": [
            498.87035394662587,
            315.0855867030514,
            23.1,
            {
                "URL": [
                ]
            },
            {
                "info": []
            }
        ]
    },
    "line_segments": {
        "R0010547.jpg": [
            "R0010548.jpg"
        ],
        "R0010548.jpg": [
            "R0010547.jpg"
        ]
    }
}