{
  "markers": {
    "1.JPG": [
      0,
      0,
      ["IMG_7754.jpg", 40,40]
    ],
    "2.JPG": [
      254.92937192614693,
      173.05035971223023
    ],
    "3.JPG": [
      373.9005885672821,
      199.0568097246341
    ],
    "4.JPG": [
      0,
      0
    ]
  },
  "line_segments": {
    "1.JPG": [
      "2.JPG",
      "3.JPG"
    ],
    "2.JPG": [
      "1.JPG"
    ],
    "3.JPG": [
      "2.JPG",
      "4.JPG"
    ],
    "4.JPG": [
      "1.JPG",
      "3.JPG"
    ]
  }
}