{
  "markers": {
    "R0010524.jpg": [
      269.597,
      497.775,
      [
        "C:\\Users\\hat61\\Desktop\\school_map\\back_end/../front_end/public/uploaded_assets/markers/iOS_12.png",
        320.1999969482422,
        553.3850709042028
      ],
      [
        "C:\\Users\\hat61\\Desktop\\school_map\\back_end/../front_end/public/uploaded_assets/markers/iOS_12.png",
        368.1999969482422,
        223.51318431017418
      ]
    ],
    "R0010525.jpg": [
      304.398,
      497.408
    ],
    "R0010526.jpg": [
      305.71,
      584.495,
      [
        "C:\\Users\\hat61\\Desktop\\school_map\\back_end/../front_end/public/uploaded_assets/markers/iOS_12.png",
        323.1999969482422,
        413.43942204613006
      ]
    ],
    "R0010527.jpg": [
      303.148,
      686.064
    ],
    "R0010528.jpg": [
      323.152,
      686.564
    ],
    "R0010530.jpg": [
      319.651,
      711.072
    ],
    "R0010531.jpg": [
      321.152,
      741.582
    ],
    "R0010534.jpg": [
      347.157,
      683.563
    ],
    "R0010533.jpg": [
      348.657,
      708.571
    ],
    "R0010532.jpg": [
      352.158,
      738.08
    ],
    "R0010535.jpg": [
      382.664,
      680.562
    ],
    "R0010536.jpg": [
      381.664,
      705.57
    ],
    "R0010537.jpg": [
      386.665,
      738.08
    ],
    "R0010540.jpg": [
      422.871,
      679.068
    ],
    "R0010539.jpg": [
      420.371,
      705.076
    ],
    "R0010538.jpg": [
      422.871,
      739.587
    ]
  },
  "line_segments": {
    "R0010524.jpg": [
      "R0010524.jpg",
      "R0010525.jpg"
    ],
    "R0010525.jpg": [
      "R0010526.jpg",
      "R0010524.jpg"
    ],
    "R0010526.jpg": [
      "R0010525.jpg",
      "R0010527.jpg"
    ],
    "R0010527.jpg": [
      "R0010526.jpg",
      "R0010528.jpg"
    ],
    "R0010528.jpg": [
      "R0010527.jpg",
      "R0010530.jpg",
      "R0010534.jpg",
      "R0010533.jpg"
    ],
    "R0010530.jpg": [
      "R0010528.jpg",
      "R0010531.jpg",
      "R0010533.jpg",
      "R0010534.jpg",
      "R0010532.jpg"
    ],
    "R0010531.jpg": [
      "R0010530.jpg",
      "R0010532.jpg",
      "R0010533.jpg"
    ],
    "R0010534.jpg": [
      "R0010533.jpg",
      "R0010528.jpg",
      "R0010530.jpg",
      "R0010536.jpg",
      "R0010535.jpg"
    ],
    "R0010533.jpg": [
      "R0010536.jpg",
      "R0010534.jpg",
      "R0010530.jpg",
      "R0010531.jpg",
      "R0010528.jpg",
      "R0010532.jpg",
      "R0010537.jpg",
      "R0010535.jpg"
    ],
    "R0010532.jpg": [
      "R0010537.jpg",
      "R0010531.jpg",
      "R0010530.jpg",
      "R0010533.jpg",
      "R0010536.jpg"
    ],
    "R0010535.jpg": [
      "R0010540.jpg",
      "R0010536.jpg",
      "R0010534.jpg",
      "R0010533.jpg",
      "R0010539.jpg"
    ],
    "R0010536.jpg": [
      "R0010535.jpg",
      "R0010537.jpg",
      "R0010539.jpg",
      "R0010533.jpg",
      "R0010534.jpg",
      "R0010532.jpg",
      "R0010540.jpg",
      "R0010538.jpg"
    ],
    "R0010537.jpg": [
      "R0010536.jpg",
      "R0010538.jpg",
      "R0010532.jpg",
      "R0010533.jpg",
      "R0010539.jpg"
    ],
    "R0010540.jpg": [
      "R0010538.jpg",
      "R0010540.jpg"
    ],
    "R0010539.jpg": [
      "R0010536.jpg",
      "R0010535.jpg",
      "R0010537.jpg"
    ],
    "R0010538.jpg": [
      "R0010540.jpg",
      "R0010537.jpg",
      "R0010536.jpg"
    ]
  }
}