{
  "markers": {
    "R0010547.jpg": [
      269.597,
      497.775,
      210.3,
      [
        "C:\\Users\\hat61\\Desktop\\school_map\\back_end/../front_end/public/uploaded_assets/markers/iOS_12.png",
        320.1999969482422,
        553.3850709042028
      ],
      [
        "C:\\Users\\hat61\\Desktop\\school_map\\back_end/../front_end/public/uploaded_assets/markers/iOS_12.png",
        368.1999969482422,
        223.51318431017418
      ]
    ],
    "R0010548.jpg": [
      304.398,
      497.408,
      231.4
    ],
    "R0010549.jpg": [
      305.71,
      584.495,
      110,
      [
        "C:\\Users\\hat61\\Desktop\\school_map\\back_end/../front_end/public/uploaded_assets/markers/iOS_12.png",
        323.1999969482422,
        413.43942204613006
      ]
    ]
  },
  "line_segments": {
    "R0010524.jpg": [
      "R0010524.jpg",
      "R0010525.jpg"
    ],
    "R0010525.jpg": [
      "R0010526.jpg",
      "R0010524.jpg"
    ],
    "R0010526.jpg": [
      "R0010525.jpg",
      "R0010527.jpg"
    ],
    "R0010527.jpg": [
      "R0010526.jpg",
      "R0010528.jpg"
    ],
    "R0010528.jpg": [
      "R0010527.jpg",
      "R0010530.jpg",
      "R0010534.jpg",
      "R0010533.jpg"
    ],
    "R0010530.jpg": [
      "R0010528.jpg",
      "R0010531.jpg",
      "R0010533.jpg",
      "R0010534.jpg",
      "R0010532.jpg"
    ],
    "R0010531.jpg": [
      "R0010530.jpg",
      "R0010532.jpg",
      "R0010533.jpg"
    ],
    "R0010534.jpg": [
      "R0010533.jpg",
      "R0010528.jpg",
      "R0010530.jpg",
      "R0010536.jpg",
      "R0010535.jpg"
    ],
    "R0010533.jpg": [
      "R0010536.jpg",
      "R0010534.jpg",
      "R0010530.jpg",
      "R0010531.jpg",
      "R0010528.jpg",
      "R0010532.jpg",
      "R0010537.jpg",
      "R0010535.jpg"
    ],
    "R0010532.jpg": [
      "R0010537.jpg",
      "R0010531.jpg",
      "R0010530.jpg",
      "R0010533.jpg",
      "R0010536.jpg"
    ],
    "R0010535.jpg": [
      "R0010540.jpg",
      "R0010536.jpg",
      "R0010534.jpg",
      "R0010533.jpg",
      "R0010539.jpg"
    ],
    "R0010536.jpg": [
      "R0010535.jpg",
      "R0010537.jpg",
      "R0010539.jpg",
      "R0010533.jpg",
      "R0010534.jpg",
      "R0010532.jpg",
      "R0010540.jpg",
      "R0010538.jpg"
    ],
    "R0010537.jpg": [
      "R0010536.jpg",
      "R0010538.jpg",
      "R0010532.jpg",
      "R0010533.jpg",
      "R0010539.jpg"
    ],
    "R0010540.jpg": [
      "R0010538.jpg",
      "R0010540.jpg"
    ],
    "R0010539.jpg": [
      "R0010536.jpg",
      "R0010535.jpg",
      "R0010537.jpg"
    ],
    "R0010538.jpg": [
      "R0010540.jpg",
      "R0010537.jpg",
      "R0010536.jpg"
    ]
  }
}